id,title,fileName,source,category,description,production,estCost,width,height,ratio,src,tags,specs,notes,research_status,research_bucket,research_recommended_route,research_lead_time_days,research_tooling_cost_usd,research_unit_cost_usd,research_total_cost_100_usd,research_supplier,research_packaging,research_cautions,research_summary
3d_printed_miniature_tv_vcr,3D Printed Miniature TV/VCR,3d_printed_miniature_tv_vcr.webp,Concept,Sculpture / Object,3D Printed Miniature TV/VCR is a sculpture / object concept tuned for Supabase’s green-on-charcoal visual language.,"Focus on silhouette, balance, and a desk-safe finish.",$18–$35/unit,2618,1965,1.332,./3d_printed_miniature_tv_vcr.webp,3d-printed | miniature | tv | vcr.webp | sculptural | collectible | desk,"Desk-safe footprint with a stable center of gravity. | Best as a single statement object or small edition. | Finish: resin, concrete, glass, or sealed print depending budget.",Source image: 2618×1965px | Folder: Award Concepts | Good candidate for a 50–100 unit pilot run.,not_reviewed,,,,,,,,,,
3d_printed_topographic_supabase_logo,3D Printed Topographic Supabase Logo,3d_printed_topographic_supabase_logo.jpg,Concept,Sculpture / Object,3D Printed Topographic Supabase Logo is a sculpture / object concept tuned for Supabase’s green-on-charcoal visual language.,"Focus on silhouette, balance, and a desk-safe finish.",$18–$35/unit,784,1168,0.671,./3d_printed_topographic_supabase_logo.jpg,3d-printed | topographic | supabase | logo.jpg | sculptural | collectible | desk,"Desk-safe footprint with a stable center of gravity. | Best as a single statement object or small edition. | Finish: resin, concrete, glass, or sealed print depending budget.",Source image: 784×1168px | Folder: Award Concepts | Good candidate for a 50–100 unit pilot run.,not_reviewed,,,,,,,,,,
access_granted_medallion,Access Granted Medallion,access_granted_medallion.png,Concept,Recognition / Award,Access Granted Medallion is a recognition / award concept tuned for Supabase’s green-on-charcoal visual language.,Premium keepsake with a weighted base and clean engraving plane.,$10–$20/unit,1448,1086,1.333,./access_granted_medallion.png,access | granted | medallion.png | award | recognition | premium,"Height: roughly 6–10 in for shelf visibility. | Include a weighted base and a clear engraving plane. | Finish: polished, satin, or brushed premium surfaces.",Source image: 1448×1086px | Folder: Award Concepts | Good candidate for a 50–100 unit pilot run.,not_reviewed,,,,,,,,,,
acrylic_phone_stand,Machined Metal Phone Stand,acrylic_phone_stand.jpg,Concept,Desk Utility,Machined Metal Phone Stand is a desk utility concept tuned for Supabase’s green-on-charcoal visual language.,"Optimize for stability, pack-flat shipping, and durability. Prefer machined metal.",$35–$60/unit,1024,559,1.832,./acrylic_phone_stand.jpg,machined | metal | phone | stand.jpg | utility | functional | desk,"Desk footprint: keep under ~10 in on the long side. | Prioritize anti-slip feet, stability, and easy packing. | Finish: matte black, green accent, or natural metal tone.",Source image: 1024×559px | Folder: Award Concepts | Good candidate for a 50–100 unit pilot run.,not_reviewed,,,,,,,,,,
acrylic_supabase_cube_award,Acrylic Supabase Cube Award,acrylic_supabase_cube_award.jpg,Concept,Recognition / Award,Acrylic Supabase Cube Award is a recognition / award concept tuned for Supabase’s green-on-charcoal visual language.,Premium keepsake with a weighted base and clean engraving plane. Prefer laser-cut acrylic.,$18–$35/unit,1024,559,1.832,./acrylic_supabase_cube_award.jpg,acrylic | supabase | cube | award.jpg | award | recognition | premium,"Height: roughly 6–10 in for shelf visibility. | Include a weighted base and a clear engraving plane. | Finish: polished, satin, or brushed premium surfaces.",Source image: 1024×559px | Folder: Award Concepts | Good candidate for a 50–100 unit pilot run.,not_reviewed,,,,,,,,,,
atomic_orbit_sculpture,Atomic Orbit Sculpture,atomic_orbit_sculpture.png,Concept,Sculpture / Object,Atomic Orbit Sculpture is a sculpture / object concept tuned for Supabase’s green-on-charcoal visual language.,"Focus on silhouette, balance, and a desk-safe finish.",$25–$50/unit,1448,1086,1.333,./atomic_orbit_sculpture.png,atomic | orbit | sculpture.png | sculptural | collectible | desk,"Desk-safe footprint with a stable center of gravity. | Best as a single statement object or small edition. | Finish: resin, concrete, glass, or sealed print depending budget.",Source image: 1448×1086px | Folder: Award Concepts | Good candidate for a 50–100 unit pilot run.,not_reviewed,,,,,,,,,,
bamboo_phone_stand,Bamboo Phone Stand,bamboo_phone_stand.png,Concept,Desk Utility,Bamboo Phone Stand is a desk utility concept tuned for Supabase’s green-on-charcoal visual language.,"Optimize for stability, pack-flat shipping, and durability.",$10–$18/unit,1448,1086,1.333,./bamboo_phone_stand.png,bamboo | phone | stand.png | utility | functional | desk,"Desk footprint: keep under ~10 in on the long side. | Prioritize anti-slip feet, stability, and easy packing. | Finish: matte black, green accent, or natural wood tone.",Source image: 1448×1086px | Folder: Award Concepts | Good candidate for a 50–100 unit pilot run.,not_reviewed,,,,,,,,,,
black_lattice_cube_award,Black Lattice Cube Award,black_lattice_cube_award.jpg,Concept,Recognition / Award,Black Lattice Cube Award is a recognition / award concept tuned for Supabase’s green-on-charcoal visual language.,Premium keepsake with a weighted base and clean engraving plane.,$18–$35/unit,1024,559,1.832,./black_lattice_cube_award.jpg,black | lattice | cube | award.jpg | award | recognition | premium,"Height: roughly 6–10 in for shelf visibility. | Include a weighted base and a clear engraving plane. | Finish: polished, satin, or brushed premium surfaces.",Source image: 1024×559px | Folder: Award Concepts | Good candidate for a 50–100 unit pilot run.,not_reviewed,,,,,,,,,,
bronze_commemorative_coin,Bronze Commemorative Coin,bronze_commemorative_coin.jpg,Concept,Recognition / Award,Bronze Commemorative Coin is a recognition / award concept tuned for Supabase’s green-on-charcoal visual language.,Premium keepsake with a weighted base and clean engraving plane.,$10–$15/unit,1024,559,1.832,./bronze_commemorative_coin.jpg,bronze | commemorative | coin.jpg | award | recognition | premium,"Height: roughly 6–10 in for shelf visibility. | Include a weighted base and a clear engraving plane. | Finish: polished, satin, or brushed premium surfaces.",Source image: 1024×559px | Folder: Award Concepts | Good candidate for a 50–100 unit pilot run.,direct,best choices right now,"Die-struck challenge coin, 2.0–2.25 in dia, antique bronze finish, optional edge text",29,220,10.8,1080,Signature Coins / Osborne Coinage,Acrylic capsule or velvet pouch; presentation box optional,Confirm trademark approval; deep sculpted relief or cut-outs add time/cost; direct imports face duty uncertainty,Very practical for 100 units; challenge-coin vendors routinely turn these in 2–5 weeks after proof approval.
ceramic_mug_wood_base,Ceramic Mug Wood Base,ceramic_mug_wood_base.png,Concept,Drinkware,Ceramic Mug Wood Base is a drinkware concept tuned for Supabase’s green-on-charcoal visual language.,Start from a food-safe blank and keep decoration durable. Prefer FSC wood or walnut base.,$22–$32/unit,1448,1086,1.333,./ceramic_mug_wood_base.png,ceramic | mug | wood | base.png | desk,"Capacity: roughly 12–16 oz. | Use a food-safe blank, glaze, or coating. | Optional wood base or lid for premium editions.",Source image: 1448×1086px | Folder: Award Concepts | Good candidate for a 50–100 unit pilot run.,direct,good with simplification,Stock ceramic mug with wood lid/coaster + local engraved base/badge (recommended over custom ceramics),28,90,27.5,2750,DiscountMugs / Bagmasters blanks + local wood CNC shop,Die-cut EPS/EPE or molded pulp inserts; single-wall retail cartons are not enough,Hand-thrown/custom ceramic version is border-line; glaze variance and breakage rise sharply,The stock-blank route is viable; the handmade premium route stretches to ~57 days and higher variance.
concrete_geometric_shapes_supabase,Concrete Geometric Shapes Supabase,concrete_geometric_shapes_supabase.jpg,Concept,Sculpture / Object,Concrete Geometric Shapes Supabase is a sculpture / object concept tuned for Supabase’s green-on-charcoal visual language.,"Focus on silhouette, balance, and a desk-safe finish.",$20–$45/unit,1024,559,1.832,./concrete_geometric_shapes_supabase.jpg,concrete | geometric | shapes | supabase.jpg | sculptural | collectible | desk | supabase,"Desk-safe footprint with a stable center of gravity. | Best as a single statement object or small edition. | Finish: resin, concrete, glass, or sealed print depending budget.",Source image: 1024×559px | Folder: Award Concepts | Good candidate for a 50–100 unit pilot run.,not_reviewed,,,,,,,,,,
concrete_lightning_blocks,Concrete Lightning Blocks,concrete_lightning_blocks.jpg,Concept,Sculpture / Object,Concrete Lightning Blocks is a sculpture / object concept tuned for Supabase’s green-on-charcoal visual language.,"Focus on silhouette, balance, and a desk-safe finish.",$20–$45/unit,1024,559,1.832,./concrete_lightning_blocks.jpg,concrete | lightning | blocks.jpg | sculptural | collectible | desk,"Desk-safe footprint with a stable center of gravity. | Best as a single statement object or small edition. | Finish: resin, concrete, glass, or sealed print depending budget.",Source image: 1024×559px | Folder: Award Concepts | Good candidate for a 50–100 unit pilot run.,not_reviewed,,,,,,,,,,
crystal_lightning_award,Crystal Lightning Award,crystal_lightning_award.png,Concept,Recognition / Award,Crystal Lightning Award is a recognition / award concept tuned for Supabase’s green-on-charcoal visual language.,Premium keepsake with a weighted base and clean engraving plane.,$28–$50/unit,1448,1086,1.333,./crystal_lightning_award.png,crystal | lightning | award.png | award | recognition | premium,"Height: roughly 6–10 in for shelf visibility. | Include a weighted base and a clear engraving plane. | Finish: polished, satin, or brushed premium surfaces.",Source image: 1448×1086px | Folder: Award Concepts | Good candidate for a 50–100 unit pilot run.,not_reviewed,,,,,,,,,,
database_schema_plaque,Database Schema Plaque,database_schema_plaque.png,Concept,Recognition / Award,Database Schema Plaque is a recognition / award concept tuned for Supabase’s green-on-charcoal visual language.,Premium keepsake with a weighted base and clean engraving plane.,$25–$38/unit,1448,1086,1.333,./database_schema_plaque.png,database | schema | plaque.png | award | recognition | premium,"Height: roughly 6–10 in for shelf visibility. | Include a weighted base and a clear engraving plane. | Finish: polished, satin, or brushed premium surfaces.",Source image: 1448×1086px | Folder: Award Concepts | Good candidate for a 50–100 unit pilot run.,direct,best choices right now,"Stock granite/ceramic plaque blank with laser engraving, sandblast, chemical etch, or UV print + stand",21,60,31,3100,PlaqueMaker / Hedberg / local stone engravers,Foam sleeve + corner protection; avoid scuffing matte stone,Fine lines can fill in on rough concrete; polished granite or ceramic reproduces better,Highly practical if treated as a plaque problem rather than a custom cast-stone sculpture.
e_ink_partner_status,E‑Ink Partner Status,e_ink_partner_status.jpg,Concept,Display / Interface,E‑Ink Partner Status is a display / interface concept tuned for Supabase’s green-on-charcoal visual language.,"Plan for electronics assembly, serviceability, and burn-in.",$130–$170/unit,1024,559,1.832,./e_ink_partner_status.jpg,e-ink | partner | status.jpg | electronic | display | interactive,"Tabletop-facing display with a serviceable enclosure. | Plan for firmware, calibration, and burn-in time. | Aim for low power draw and a compact desk footprint.",Source image: 1024×559px | Folder: Award Concepts | Good candidate for a 50–100 unit pilot run.,related,related to direct e-ink assessment,"Same family as the wired USB-C e-paper desk display; treat as a display object, not a battery smart terminal",,,,,,,,The report directly assessed the SQL gratitude variant; the same cautions apply if you keep it wired and offline.
e_ink_sql_gratitude,E‑Ink SQL Gratitude,e_ink_sql_gratitude.png,Concept,Display / Interface,E‑Ink SQL Gratitude is a display / interface concept tuned for Supabase’s green-on-charcoal visual language.,"Plan for electronics assembly, serviceability, and burn-in.",$135–$170/unit,1448,1086,1.333,./e_ink_sql_gratitude.png,e-ink | sql | gratitude.png | electronic | display | interactive,"Tabletop-facing display with a serviceable enclosure. | Plan for firmware, calibration, and burn-in time. | Aim for low power draw and a compact desk footprint.",Source image: 1448×1086px | Folder: Award Concepts | Good candidate for a 50–100 unit pilot run.,direct,good with simplification,"Wired, offline USB-C desk display using a stock 7.5-inch e-paper module and simple enclosure",46,650,149,14900,Waveshare / Seeed / JLCPCB + Protolabs/local enclosure shop,"Antistatic bag, foam support, cable separated from screen face","Avoid batteries and wireless radios to reduce FCC/EMC, shipping, and firmware risk",The wired route is possible; the battery/wireless smart-terminal version is not recommended for this schedule.
e_ink_sql_tips,E‑Ink SQL Tips,e_ink_sql_tips.jpg,Concept,Display / Interface,E‑Ink SQL Tips is a display / interface concept tuned for Supabase’s green-on-charcoal visual language.,"Plan for electronics assembly, serviceability, and burn-in.",$125–$165/unit,784,1168,0.671,./e_ink_sql_tips.jpg,e-ink | sql | tips.jpg | electronic | display | interactive,"Tabletop-facing display with a serviceable enclosure. | Plan for firmware, calibration, and burn-in time. | Aim for low power draw and a compact desk footprint.",Source image: 784×1168px | Folder: Award Concepts | Good candidate for a 50–100 unit pilot run.,not_reviewed,,,,,,,,,,
floating_glowing_green_gem,Floating Glowing Green Gem,floating_glowing_green_gem.png,Concept,Lighting / Glow,Floating Glowing Green Gem is a lighting / glow concept tuned for Supabase’s green-on-charcoal visual language.,Low-voltage accent piece with a diffused light source and USB-C power.,$20–$40/unit,1448,1086,1.333,./floating_glowing_green_gem.png,floating | glowing | green | gem.png | glow | desk | led,Desk footprint: roughly 5–8 in wide. | Power: 5V USB-C or low-voltage wall adapter. | Finish: diffused face with green or neutral glow.,Source image: 1448×1086px | Folder: Award Concepts | Good candidate for a 50–100 unit pilot run.,not_reviewed,,,,,,,,,,
fluid_simulation_glass,Fluid Simulation Glass,fluid_simulation_glass.jpg,Concept,Sculpture / Object,Fluid Simulation Glass is a sculpture / object concept tuned for Supabase’s green-on-charcoal visual language.,"Focus on silhouette, balance, and a desk-safe finish. Prefer clear or smoked glass / acrylic.",$35–$70/unit,784,1168,0.671,./fluid_simulation_glass.jpg,fluid | simulation | glass.jpg | sculptural | collectible | desk,"Desk-safe footprint with a stable center of gravity. | Best as a single statement object or small edition. | Finish: resin, concrete, glass, or sealed print depending budget.",Source image: 784×1168px | Folder: Award Concepts | Good candidate for a 50–100 unit pilot run.,not_reviewed,,,,,,,,,,
geometric_elephant_figurine,Geometric Elephant Figurine,geometric_elephant_figurine.jpg,Concept,Sculpture / Object,Geometric Elephant Figurine is a sculpture / object concept tuned for Supabase’s green-on-charcoal visual language.,"Focus on silhouette, balance, and a desk-safe finish.",$25–$45/unit,1024,559,1.832,./geometric_elephant_figurine.jpg,geometric | elephant | figurine.jpg | sculptural | collectible | desk,"Desk-safe footprint with a stable center of gravity. | Best as a single statement object or small edition. | Finish: resin, concrete, glass, or sealed print depending budget.",Source image: 1024×559px | Folder: Award Concepts | Good candidate for a 50–100 unit pilot run.,not_reviewed,,,,,,,,,,
geometric_terrarium,Geometric Terrarium,geometric_terrarium.jpg,Concept,Plant / Terrarium,Geometric Terrarium is a plant / terrarium concept tuned for Supabase’s green-on-charcoal visual language.,Use a plant-safe vessel or insert and protect against moisture.,$45–$60/unit,1024,559,1.832,./geometric_terrarium.jpg,geometric | terrarium.jpg | organic | desk,Desk footprint: roughly 4–8 in wide. | Use a sealed base or insert to manage moisture. | Finish: glossy glass or matte planter body.,Source image: 1024×559px | Folder: Award Concepts | Good candidate for a 50–100 unit pilot run.,direct,conditionally acceptable,"Preserved-moss assembly from stocked geometric terrarium vessels, assembled locally",25,150,55,5500,WGV International + local laser-cut shop,Double-boxing with corner blocks; expect fragility and plan overage,"Live-plant version adds California compliance, moisture control, and appearance variance",Stock vessel sourcing is easy; breakage and pack-out labor are the main risks.
glass_data_viz_award,Glass Data Viz Award,glass_data_viz_award.png,Concept,Display / Interface,Glass Data Viz Award is a display / interface concept tuned for Supabase’s green-on-charcoal visual language.,"Plan for electronics assembly, serviceability, and burn-in. Prefer clear or smoked glass / acrylic.",$55–$75/unit,1448,1086,1.333,./glass_data_viz_award.png,glass | data | viz | award.png | electronic | display | interactive,"Tabletop-facing display with a serviceable enclosure. | Plan for firmware, calibration, and burn-in time. | Aim for low power draw and a compact desk footprint.",Source image: 1448×1086px | Folder: Award Concepts | Good candidate for a 50–100 unit pilot run.,direct,best choices right now,Stock glass award blank with sandblast engraving and/or UV print plus custom base plate,20,50,64,6400,EDCO / PlaqueMaker / Bennett Awards / FineAwards,Individual foam or satin-lined cartons only,Validate the data-viz effect under ballroom lighting before ordering the full run,One of the safest premium sponsor-award options in the set.
glass_dry_erase_board,Glass Dry Erase Board,glass_dry_erase_board.jpg,Concept,Desk Utility,Glass Dry Erase Board is a desk utility concept tuned for Supabase’s green-on-charcoal visual language.,"Optimize for stability, pack-flat shipping, and durability. Prefer clear or smoked glass / acrylic.",$30–$55/unit,1024,559,1.832,./glass_dry_erase_board.jpg,glass | dry | erase | board.jpg | utility | functional | desk,"Desk footprint: keep under ~10 in on the long side. | Prioritize anti-slip feet, stability, and easy packing. | Finish: matte black, green accent, or natural wood tone.",Source image: 1024×559px | Folder: Award Concepts | Good candidate for a 50–100 unit pilot run.,not_reviewed,,,,,,,,,,
glass_house_terrarium,Glass House Terrarium,glass_house_terrarium.png,Concept,Plant / Terrarium,Glass House Terrarium is a plant / terrarium concept tuned for Supabase’s green-on-charcoal visual language.,Use a plant-safe vessel or insert and protect against moisture. Prefer clear or smoked glass / acrylic.,$25–$45/unit,1448,1086,1.333,./glass_house_terrarium.png,glass | house | terrarium.png | organic | desk,Desk footprint: roughly 4–8 in wide. | Use a sealed base or insert to manage moisture. | Finish: glossy glass or matte planter body.,Source image: 1448×1086px | Folder: Award Concepts | Good candidate for a 50–100 unit pilot run.,not_reviewed,,,,,,,,,,
green_ceramic_mug,Green Ceramic Mug,green_ceramic_mug.jpg,Concept,Drinkware,Green Ceramic Mug is a drinkware concept tuned for Supabase’s green-on-charcoal visual language.,Start from a food-safe blank and keep decoration durable. Prefer a ceramic blank or glaze-ready body.,$18–$30/unit,1024,559,1.832,./green_ceramic_mug.jpg,green | ceramic | mug.jpg | desk,"Capacity: roughly 12–16 oz. | Use a food-safe blank, glaze, or coating. | Optional wood base or lid for premium editions.",Source image: 1024×559px | Folder: Award Concepts | Good candidate for a 50–100 unit pilot run.,not_reviewed,,,,,,,,,,
green_glowing_lightning_bolt,Green Glowing Lightning Bolt,green_glowing_lightning_bolt.jpg,Concept,Lighting / Glow,Green Glowing Lightning Bolt is a lighting / glow concept tuned for Supabase’s green-on-charcoal visual language.,Low-voltage accent piece with a diffused light source and USB-C power.,$22–$45/unit,1024,559,1.832,./green_glowing_lightning_bolt.jpg,green | glowing | lightning | bolt.jpg | glow | desk | led,Desk footprint: roughly 5–8 in wide. | Power: 5V USB-C or low-voltage wall adapter. | Finish: diffused face with green or neutral glow.,Source image: 1024×559px | Folder: Award Concepts | Good candidate for a 50–100 unit pilot run.,not_reviewed,,,,,,,,,,
green_keycap_keyboard,Green Keycap Keyboard,green_keycap_keyboard.jpg,Concept,Desk Utility,Green Keycap Keyboard is a desk utility concept tuned for Supabase’s green-on-charcoal visual language.,"Optimize for stability, pack-flat shipping, and durability.",$18–$40/unit,1024,559,1.832,./green_keycap_keyboard.jpg,green | keycap | keyboard.jpg | utility | functional | desk,"Desk footprint: keep under ~10 in on the long side. | Prioritize anti-slip feet, stability, and easy packing. | Finish: matte black, green accent, or natural wood tone.",Source image: 1024×559px | Folder: Award Concepts | Good candidate for a 50–100 unit pilot run.,not_reviewed,,,,,,,,,,
green_lightning_bolt_sculpture,Green Lightning Bolt Sculpture,green_lightning_bolt_sculpture.png,Concept,Sculpture / Object,Green Lightning Bolt Sculpture is a sculpture / object concept tuned for Supabase’s green-on-charcoal visual language.,"Focus on silhouette, balance, and a desk-safe finish.",$25–$50/unit,1448,1086,1.333,./green_lightning_bolt_sculpture.png,green | lightning | bolt | sculpture.png | sculptural | collectible | desk,"Desk-safe footprint with a stable center of gravity. | Best as a single statement object or small edition. | Finish: resin, concrete, glass, or sealed print depending budget.",Source image: 1448×1086px | Folder: Award Concepts | Good candidate for a 50–100 unit pilot run.,not_reviewed,,,,,,,,,,
green_succulent_planter_tag,Green Succulent Planter Tag,green_succulent_planter_tag.jpg,Concept,Plant / Terrarium,Green Succulent Planter Tag is a plant / terrarium concept tuned for Supabase’s green-on-charcoal visual language.,Use a plant-safe vessel or insert and protect against moisture.,$16–$28/unit,784,1168,0.671,./green_succulent_planter_tag.jpg,green | succulent | planter | tag.jpg | organic | desk,Desk footprint: roughly 4–8 in wide. | Use a sealed base or insert to manage moisture. | Finish: glossy glass or matte planter body.,Source image: 784×1168px | Folder: Award Concepts | Good candidate for a 50–100 unit pilot run.,not_reviewed,,,,,,,,,,
green_succulent_pot_tag,Green Succulent Pot Tag,green_succulent_pot_tag.png,Concept,Plant / Terrarium,Green Succulent Pot Tag is a plant / terrarium concept tuned for Supabase’s green-on-charcoal visual language.,Use a plant-safe vessel or insert and protect against moisture.,$20–$32/unit,1448,1086,1.333,./green_succulent_pot_tag.png,green | succulent | pot | tag.png | organic | desk,Desk footprint: roughly 4–8 in wide. | Use a sealed base or insert to manage moisture. | Finish: glossy glass or matte planter body.,Source image: 1448×1086px | Folder: Award Concepts | Good candidate for a 50–100 unit pilot run.,direct,good with simplification,California-sourced planter + live succulent + engraved wood tag; assemble locally,18,40,26,2600,The Succulent Source / Lula's Garden / local plant studio + laser shop,Plant-safe cushioning and breathable pack-out; avoid sealed non-breathable packs,Do not rely on interstate plant shipping; assemble in California to avoid compliance surprises,Very practical if sourced and assembled in California; custom molded pots are unnecessary risk.
heated_smart_mug_app_2,Heated Smart Mug App 2,heated_smart_mug_app_2.jpg,Concept,Drinkware,Heated Smart Mug App 2 is a drinkware concept tuned for Supabase’s green-on-charcoal visual language.,Start from a food-safe blank and keep decoration durable.,$30–$60/unit,1024,559,1.832,./heated_smart_mug_app_2.jpg,heated | smart | mug | app | 2.jpg | ceramic | desk,"Capacity: roughly 12–16 oz. | Use a food-safe blank, glaze, or coating. | Optional wood base or lid for premium editions.",Source image: 1024×559px | Folder: Award Concepts | Good candidate for a 50–100 unit pilot run.,not_reviewed,,,,,,,,,,
leather_cable_organizer_cord_wraps,Leather Cable Organizer Cord Wraps,leather_cable_organizer_cord_wraps.jpg,Concept,Desk Utility,Leather Cable Organizer Cord Wraps is a desk utility concept tuned for Supabase’s green-on-charcoal visual language.,"Optimize for stability, pack-flat shipping, and durability.",$8–$16/unit,1024,559,1.832,./leather_cable_organizer_cord_wraps.jpg,leather | cable | organizer | cord | wraps.jpg | utility | functional | desk,"Desk footprint: keep under ~10 in on the long side. | Prioritize anti-slip feet, stability, and easy packing. | Finish: matte black, green accent, or natural wood tone.",Source image: 1024×559px | Folder: Award Concepts | Good candidate for a 50–100 unit pilot run.,not_reviewed,,,,,,,,,,
leather_desk_tray_accessories,Leather Desk Tray Accessories,leather_desk_tray_accessories.jpg,Concept,Desk Utility,Leather Desk Tray Accessories is a desk utility concept tuned for Supabase’s green-on-charcoal visual language.,"Optimize for stability, pack-flat shipping, and durability.",$12–$24/unit,1024,559,1.832,./leather_desk_tray_accessories.jpg,leather | desk | tray | accessories.jpg | utility | functional,"Desk footprint: keep under ~10 in on the long side. | Prioritize anti-slip feet, stability, and easy packing. | Finish: matte black, green accent, or natural wood tone.",Source image: 1024×559px | Folder: Award Concepts | Good candidate for a 50–100 unit pilot run.,not_reviewed,,,,,,,,,,
levity_node_cube_award,Levity Node Cube Award,levity_node_cube_award.jpg,Concept,Recognition / Award,Levity Node Cube Award is a recognition / award concept tuned for Supabase’s green-on-charcoal visual language.,Premium keepsake with a weighted base and clean engraving plane.,$18–$35/unit,1024,559,1.832,./levity_node_cube_award.jpg,levity | node | cube | award.jpg | award | recognition | premium,"Height: roughly 6–10 in for shelf visibility. | Include a weighted base and a clear engraving plane. | Finish: polished, satin, or brushed premium surfaces.",Source image: 1024×559px | Folder: Award Concepts | Good candidate for a 50–100 unit pilot run.,not_reviewed,,,,,,,,,,
lightning_bolt_lamp,Lightning Bolt Lamp,lightning_bolt_lamp.png,Concept,Lighting / Glow,Lightning Bolt Lamp is a lighting / glow concept tuned for Supabase’s green-on-charcoal visual language.,Low-voltage accent piece with a diffused light source and USB-C power.,$25–$55/unit,1448,1086,1.333,./lightning_bolt_lamp.png,lightning | bolt | lamp.png | glow | desk | led,Desk footprint: roughly 5–8 in wide. | Power: 5V USB-C or low-voltage wall adapter. | Finish: diffused face with green or neutral glow.,Source image: 1448×1086px | Folder: Award Concepts | Good candidate for a 50–100 unit pilot run.,not_reviewed,,,,,,,,,,
magnetic_hourglass,Magnetic Hourglass,magnetic_hourglass.png,Concept,Sculpture / Object,Magnetic Hourglass is a sculpture / object concept tuned for Supabase’s green-on-charcoal visual language.,"Focus on silhouette, balance, and a desk-safe finish. Prefer clear or smoked glass / acrylic.",$35–$75/unit,1448,1086,1.333,./magnetic_hourglass.png,magnetic | hourglass.png | sculptural | collectible | desk,"Desk-safe footprint with a stable center of gravity. | Best as a single statement object or small edition. | Finish: resin, concrete, glass, or sealed print depending budget.",Source image: 1448×1086px | Folder: Award Concepts | Good candidate for a 50–100 unit pilot run.,not_reviewed,,,,,,,,,,
metal_access_key,Metal Access Key,metal_access_key.png,Concept,Desk Utility,Metal Access Key is a desk utility concept tuned for Supabase’s green-on-charcoal visual language.,"Optimize for stability, pack-flat shipping, and durability. Prefer cast or CNC metal.",$55–$75/unit,1448,1086,1.333,./metal_access_key.png,metal | access | key.png | utility | functional | desk,"Desk footprint: keep under ~10 in on the long side. | Prioritize anti-slip feet, stability, and easy packing. | Finish: matte black, green accent, or natural wood tone.",Source image: 1448×1086px | Folder: Award Concepts | Good candidate for a 50–100 unit pilot run.,direct,good with simplification,Domestic waterjet / fiber-laser cut stainless or aluminum key with CNC deburr and brushed finish,34,420,63,6300,Bennett Awards / Southern California waterjet shops via ThomasNet,Dense foam + anti-scuff tissue; protect brushed faces with removable film,Sharp corners must be radiused; brushed surfaces scratch easily,"Practical, but finish quality and weight drive cost; domestic fabrication reduces import risk."
miniature_workbench,Miniature Workbench,miniature_workbench.png,Concept,Desk Utility,Miniature Workbench is a desk utility concept tuned for Supabase’s green-on-charcoal visual language.,"Optimize for stability, pack-flat shipping, and durability.",$15–$30/unit,1448,1086,1.333,./miniature_workbench.png,miniature | workbench.png | utility | functional | desk,"Desk footprint: keep under ~10 in on the long side. | Prioritize anti-slip feet, stability, and easy packing. | Finish: matte black, green accent, or natural wood tone.",Source image: 1448×1086px | Folder: Award Concepts | Good candidate for a 50–100 unit pilot run.,not_reviewed,,,,,,,,,,
original-32abbfba1d213882d48d3e6743bf99f5,Pinterest Reference 01,original-32abbfba1d213882d48d3e6743bf99f5.webp,Pinterest reference,Reference / Pinterest,"Pinterest reference image for mood, silhouette, and finish.",Reference-only; no manufacturing spec.,Reference only,752,564,1.333,./pinterest/original-32abbfba1d213882d48d3e6743bf99f5.webp,32abbfba1d213882d48d3e6743bf99f5.webp | reference | moodboard | inspiration,"Moodboard only; no production dimensions. | Use for tone, silhouette, and material direction. | Do not copy exact brand or product details.",Source image: 752×564px | Folder: Pinterest | Reference items are excluded from cost ranking by default.,not_reviewed,,,,,,,,,,
original-399466ee34904405c58aac260f866bc6,Pinterest Reference 02,original-399466ee34904405c58aac260f866bc6.webp,Pinterest reference,Reference / Pinterest,"Pinterest reference image for mood, silhouette, and finish.",Reference-only; no manufacturing spec.,Reference only,1000,750,1.333,./pinterest/original-399466ee34904405c58aac260f866bc6.webp,399466ee34904405c58aac260f866bc6.webp | reference | moodboard | inspiration,"Moodboard only; no production dimensions. | Use for tone, silhouette, and material direction. | Do not copy exact brand or product details.",Source image: 1000×750px | Folder: Pinterest | Reference items are excluded from cost ranking by default.,not_reviewed,,,,,,,,,,
original-3c6b8ff4e3610e4d547c2a322813ff13,Pinterest Reference 03,original-3c6b8ff4e3610e4d547c2a322813ff13.webp,Pinterest reference,Reference / Pinterest,"Pinterest reference image for mood, silhouette, and finish.",Reference-only; no manufacturing spec.,Reference only,800,600,1.333,./pinterest/original-3c6b8ff4e3610e4d547c2a322813ff13.webp,3c6b8ff4e3610e4d547c2a322813ff13.webp | reference | moodboard | inspiration,"Moodboard only; no production dimensions. | Use for tone, silhouette, and material direction. | Do not copy exact brand or product details.",Source image: 800×600px | Folder: Pinterest | Reference items are excluded from cost ranking by default.,not_reviewed,,,,,,,,,,
original-4954bb3df1126e7d617d1fbfb5c1f089,Pinterest Reference 04,original-4954bb3df1126e7d617d1fbfb5c1f089.webp,Pinterest reference,Reference / Pinterest,"Pinterest reference image for mood, silhouette, and finish.",Reference-only; no manufacturing spec.,Reference only,752,564,1.333,./pinterest/original-4954bb3df1126e7d617d1fbfb5c1f089.webp,4954bb3df1126e7d617d1fbfb5c1f089.webp | reference | moodboard | inspiration,"Moodboard only; no production dimensions. | Use for tone, silhouette, and material direction. | Do not copy exact brand or product details.",Source image: 752×564px | Folder: Pinterest | Reference items are excluded from cost ranking by default.,not_reviewed,,,,,,,,,,
original-8b90cac0d2abbb65d37cbfe873246864,Pinterest Reference 05,original-8b90cac0d2abbb65d37cbfe873246864.webp,Pinterest reference,Reference / Pinterest,"Pinterest reference image for mood, silhouette, and finish.",Reference-only; no manufacturing spec.,Reference only,752,564,1.333,./pinterest/original-8b90cac0d2abbb65d37cbfe873246864.webp,8b90cac0d2abbb65d37cbfe873246864.webp | reference | moodboard | inspiration,"Moodboard only; no production dimensions. | Use for tone, silhouette, and material direction. | Do not copy exact brand or product details.",Source image: 752×564px | Folder: Pinterest | Reference items are excluded from cost ranking by default.,not_reviewed,,,,,,,,,,
original-bc5ea79f30f3c0a86bdb1e139fcbcc67,Pinterest Reference 06,original-bc5ea79f30f3c0a86bdb1e139fcbcc67.webp,Pinterest reference,Reference / Pinterest,"Pinterest reference image for mood, silhouette, and finish.",Reference-only; no manufacturing spec.,Reference only,800,600,1.333,./pinterest/original-bc5ea79f30f3c0a86bdb1e139fcbcc67.webp,bc5ea79f30f3c0a86bdb1e139fcbcc67.webp | reference | moodboard | inspiration,"Moodboard only; no production dimensions. | Use for tone, silhouette, and material direction. | Do not copy exact brand or product details.",Source image: 800×600px | Folder: Pinterest | Reference items are excluded from cost ranking by default.,not_reviewed,,,,,,,,,,
original-e3ba29777e63f36d4b7e9b3b4af1761b,Pinterest Reference 07,original-e3ba29777e63f36d4b7e9b3b4af1761b.webp,Pinterest reference,Reference / Pinterest,"Pinterest reference image for mood, silhouette, and finish.",Reference-only; no manufacturing spec.,Reference only,752,564,1.333,./pinterest/original-e3ba29777e63f36d4b7e9b3b4af1761b.webp,e3ba29777e63f36d4b7e9b3b4af1761b.webp | reference | moodboard | inspiration,"Moodboard only; no production dimensions. | Use for tone, silhouette, and material direction. | Do not copy exact brand or product details.",Source image: 752×564px | Folder: Pinterest | Reference items are excluded from cost ranking by default.,not_reviewed,,,,,,,,,,
original-f02d5ec8c5855734b7dbc12f62f5f94e,Pinterest Reference 08,original-f02d5ec8c5855734b7dbc12f62f5f94e.webp,Pinterest reference,Reference / Pinterest,"Pinterest reference image for mood, silhouette, and finish.",Reference-only; no manufacturing spec.,Reference only,752,564,1.333,./pinterest/original-f02d5ec8c5855734b7dbc12f62f5f94e.webp,f02d5ec8c5855734b7dbc12f62f5f94e.webp | reference | moodboard | inspiration,"Moodboard only; no production dimensions. | Use for tone, silhouette, and material direction. | Do not copy exact brand or product details.",Source image: 752×564px | Folder: Pinterest | Reference items are excluded from cost ranking by default.,not_reviewed,,,,,,,,,,
whisplay_ai_chatbot_raspberry_pi_1,Whisplay AI Chatbot Raspberry Pi 1,whisplay_ai_chatbot_raspberry_pi_1.webp,Pinterest reference,Reference / Pinterest,"Pinterest reference image for mood, silhouette, and finish.",Reference-only; no manufacturing spec.,Reference only,1280,959,1.335,./pinterest/whisplay_ai_chatbot_raspberry_pi_1.webp,whisplay | ai | chatbot | raspberry | pi | 1.webp | reference | moodboard,"Moodboard only; no production dimensions. | Use for tone, silhouette, and material direction. | Do not copy exact brand or product details.",Source image: 1280×959px | Folder: Pinterest | Reference items are excluded from cost ranking by default.,not_reviewed,,,,,,,,,,
whisplay_ai_chatbot_raspberry_pi_2,Whisplay AI Chatbot Raspberry Pi 2,whisplay_ai_chatbot_raspberry_pi_2.webp,Pinterest reference,Reference / Pinterest,"Pinterest reference image for mood, silhouette, and finish.",Reference-only; no manufacturing spec.,Reference only,1280,960,1.333,./pinterest/whisplay_ai_chatbot_raspberry_pi_2.webp,whisplay | ai | chatbot | raspberry | pi | 2.webp | reference | moodboard,"Moodboard only; no production dimensions. | Use for tone, silhouette, and material direction. | Do not copy exact brand or product details.",Source image: 1280×960px | Folder: Pinterest | Reference items are excluded from cost ranking by default.,not_reviewed,,,,,,,,,,
whisplay_ai_chatbot_raspberry_pi_6,Whisplay AI Chatbot Raspberry Pi 6,whisplay_ai_chatbot_raspberry_pi_6.jpeg,Pinterest reference,Reference / Pinterest,"Pinterest reference image for mood, silhouette, and finish.",Reference-only; no manufacturing spec.,Reference only,1280,960,1.333,./pinterest/whisplay_ai_chatbot_raspberry_pi_6.jpeg,whisplay | ai | chatbot | raspberry | pi | 6.jpeg | reference | moodboard,"Moodboard only; no production dimensions. | Use for tone, silhouette, and material direction. | Do not copy exact brand or product details.",Source image: 1280×960px | Folder: Pinterest | Reference items are excluded from cost ranking by default.,not_reviewed,,,,,,,,,,
pinterest_reference_12,Pinterest Reference 12,08656361b2b6af6153f2d399d8e79580.jpg,Pinterest reference,Reference / Pinterest,"Pinterest Reference 12 is a reference image for form, finish, and proportion rather than a production-ready object.",Reference-only; no manufacturing spec.,Reference only,1200,1200,1.0,./pinterest/08656361b2b6af6153f2d399d8e79580.jpg,08656361b2b6af6153f2d399d8e79580 | reference | moodboard | inspiration,"Moodboard only; no production dimensions. | Use for tone, silhouette, and material direction. | Do not copy exact brand or product details.",Source image: 1200×1200px | Folder: Pinterest | Reference items are excluded from cost ranking by default.,not_reviewed,,,,,,,,,,
pinterest_reference_13,Pinterest Reference 13,133bb7cfd1dd9aac04f0008dd080e727.jpg,Pinterest reference,Reference / Pinterest,"Pinterest Reference 13 is a reference image for form, finish, and proportion rather than a production-ready object.",Reference-only; no manufacturing spec.,Reference only,1080,1080,1.0,./pinterest/133bb7cfd1dd9aac04f0008dd080e727.jpg,133bb7cfd1dd9aac04f0008dd080e727 | reference | moodboard | inspiration,"Moodboard only; no production dimensions. | Use for tone, silhouette, and material direction. | Do not copy exact brand or product details.",Source image: 1080×1080px | Folder: Pinterest | Reference items are excluded from cost ranking by default.,not_reviewed,,,,,,,,,,
pinterest_reference_14,Pinterest Reference 14,17ba64f33da0e1b8f1bd7c15d4f7812a.jpg,Pinterest reference,Reference / Pinterest,"Pinterest Reference 14 is a reference image for form, finish, and proportion rather than a production-ready object.",Reference-only; no manufacturing spec.,Reference only,736,1104,0.667,./pinterest/17ba64f33da0e1b8f1bd7c15d4f7812a.jpg,17ba64f33da0e1b8f1bd7c15d4f7812a | reference | moodboard | inspiration,"Moodboard only; no production dimensions. | Use for tone, silhouette, and material direction. | Do not copy exact brand or product details.",Source image: 736×1104px | Folder: Pinterest | Reference items are excluded from cost ranking by default.,not_reviewed,,,,,,,,,,
pinterest_reference_15,Pinterest Reference 15,1da108f7317cd3b1a60fc0988efa5a51.jpg,Pinterest reference,Reference / Pinterest,"Pinterest Reference 15 is a reference image for form, finish, and proportion rather than a production-ready object.",Reference-only; no manufacturing spec.,Reference only,1200,1200,1.0,./pinterest/1da108f7317cd3b1a60fc0988efa5a51.jpg,1da108f7317cd3b1a60fc0988efa5a51 | reference | moodboard | inspiration,"Moodboard only; no production dimensions. | Use for tone, silhouette, and material direction. | Do not copy exact brand or product details.",Source image: 1200×1200px | Folder: Pinterest | Reference items are excluded from cost ranking by default.,not_reviewed,,,,,,,,,,
pinterest_reference_16,Pinterest Reference 16,2157600bf48ec410614f5c161530f6b5.jpg,Pinterest reference,Reference / Pinterest,"Pinterest Reference 16 is a reference image for form, finish, and proportion rather than a production-ready object.",Reference-only; no manufacturing spec.,Reference only,1000,1000,1.0,./pinterest/2157600bf48ec410614f5c161530f6b5.jpg,2157600bf48ec410614f5c161530f6b5 | reference | moodboard | inspiration,"Moodboard only; no production dimensions. | Use for tone, silhouette, and material direction. | Do not copy exact brand or product details.",Source image: 1000×1000px | Folder: Pinterest | Reference items are excluded from cost ranking by default.,not_reviewed,,,,,,,,,,
pinterest_reference_17,Pinterest Reference 17,2662515c034eebaf2471801120d06968.jpg,Pinterest reference,Reference / Pinterest,"Pinterest Reference 17 is a reference image for form, finish, and proportion rather than a production-ready object.",Reference-only; no manufacturing spec.,Reference only,1024,1024,1.0,./pinterest/2662515c034eebaf2471801120d06968.jpg,2662515c034eebaf2471801120d06968 | reference | moodboard | inspiration,"Moodboard only; no production dimensions. | Use for tone, silhouette, and material direction. | Do not copy exact brand or product details.",Source image: 1024×1024px | Folder: Pinterest | Reference items are excluded from cost ranking by default.,not_reviewed,,,,,,,,,,
pinterest_reference_18,Pinterest Reference 18,2f1163105c6623592c95097ec75c3acf.jpg,Pinterest reference,Reference / Pinterest,"Pinterest Reference 18 is a reference image for form, finish, and proportion rather than a production-ready object.",Reference-only; no manufacturing spec.,Reference only,720,1280,0.562,./pinterest/2f1163105c6623592c95097ec75c3acf.jpg,2f1163105c6623592c95097ec75c3acf | reference | moodboard | inspiration,"Moodboard only; no production dimensions. | Use for tone, silhouette, and material direction. | Do not copy exact brand or product details.",Source image: 720×1280px | Folder: Pinterest | Reference items are excluded from cost ranking by default.,not_reviewed,,,,,,,,,,
pinterest_reference_19,Pinterest Reference 19,3688dcf682bb0ce6967408145f93de0b.jpg,Pinterest reference,Reference / Pinterest,"Pinterest Reference 19 is a reference image for form, finish, and proportion rather than a production-ready object.",Reference-only; no manufacturing spec.,Reference only,740,555,1.333,./pinterest/3688dcf682bb0ce6967408145f93de0b.jpg,3688dcf682bb0ce6967408145f93de0b | reference | moodboard | inspiration,"Moodboard only; no production dimensions. | Use for tone, silhouette, and material direction. | Do not copy exact brand or product details.",Source image: 740×555px | Folder: Pinterest | Reference items are excluded from cost ranking by default.,not_reviewed,,,,,,,,,,
pinterest_reference_20,Pinterest Reference 20,3919e514d4cab38e11c7274f77abfe0d.jpg,Pinterest reference,Reference / Pinterest,"Pinterest Reference 20 is a reference image for form, finish, and proportion rather than a production-ready object.",Reference-only; no manufacturing spec.,Reference only,563,639,0.881,./pinterest/3919e514d4cab38e11c7274f77abfe0d.jpg,3919e514d4cab38e11c7274f77abfe0d | reference | moodboard | inspiration,"Moodboard only; no production dimensions. | Use for tone, silhouette, and material direction. | Do not copy exact brand or product details.",Source image: 563×639px | Folder: Pinterest | Reference items are excluded from cost ranking by default.,not_reviewed,,,,,,,,,,
pinterest_reference_21,Pinterest Reference 21,3ab323735375f3be08f48101b5db17fb.jpg,Pinterest reference,Reference / Pinterest,"Pinterest Reference 21 is a reference image for form, finish, and proportion rather than a production-ready object.",Reference-only; no manufacturing spec.,Reference only,736,1104,0.667,./pinterest/3ab323735375f3be08f48101b5db17fb.jpg,3ab323735375f3be08f48101b5db17fb | reference | moodboard | inspiration,"Moodboard only; no production dimensions. | Use for tone, silhouette, and material direction. | Do not copy exact brand or product details.",Source image: 736×1104px | Folder: Pinterest | Reference items are excluded from cost ranking by default.,not_reviewed,,,,,,,,,,
pinterest_reference_22,Pinterest Reference 22,3be20e0d57e9a10069e1cca081d0ab62.jpg,Pinterest reference,Reference / Pinterest,"Pinterest Reference 22 is a reference image for form, finish, and proportion rather than a production-ready object.",Reference-only; no manufacturing spec.,Reference only,600,600,1.0,./pinterest/3be20e0d57e9a10069e1cca081d0ab62.jpg,3be20e0d57e9a10069e1cca081d0ab62 | reference | moodboard | inspiration,"Moodboard only; no production dimensions. | Use for tone, silhouette, and material direction. | Do not copy exact brand or product details.",Source image: 600×600px | Folder: Pinterest | Reference items are excluded from cost ranking by default.,not_reviewed,,,,,,,,,,
pinterest_reference_23,Pinterest Reference 23,42ef6b698ac63fda5936fd631d313122.jpg,Pinterest reference,Reference / Pinterest,"Pinterest Reference 23 is a reference image for form, finish, and proportion rather than a production-ready object.",Reference-only; no manufacturing spec.,Reference only,1200,1137,1.055,./pinterest/42ef6b698ac63fda5936fd631d313122.jpg,42ef6b698ac63fda5936fd631d313122 | reference | moodboard | inspiration,"Moodboard only; no production dimensions. | Use for tone, silhouette, and material direction. | Do not copy exact brand or product details.",Source image: 1200×1137px | Folder: Pinterest | Reference items are excluded from cost ranking by default.,not_reviewed,,,,,,,,,,
pinterest_reference_24,Pinterest Reference 24,452732a4c616c6ae8eb5c9c583b79649.jpg,Pinterest reference,Reference / Pinterest,"Pinterest Reference 24 is a reference image for form, finish, and proportion rather than a production-ready object.",Reference-only; no manufacturing spec.,Reference only,1024,1024,1.0,./pinterest/452732a4c616c6ae8eb5c9c583b79649.jpg,452732a4c616c6ae8eb5c9c583b79649 | reference | moodboard | inspiration,"Moodboard only; no production dimensions. | Use for tone, silhouette, and material direction. | Do not copy exact brand or product details.",Source image: 1024×1024px | Folder: Pinterest | Reference items are excluded from cost ranking by default.,not_reviewed,,,,,,,,,,
pinterest_reference_25,Pinterest Reference 25,45ec331b657b687ab7de596cfaa7020e.jpg,Pinterest reference,Reference / Pinterest,"Pinterest Reference 25 is a reference image for form, finish, and proportion rather than a production-ready object.",Reference-only; no manufacturing spec.,Reference only,1200,1599,0.75,./pinterest/45ec331b657b687ab7de596cfaa7020e.jpg,45ec331b657b687ab7de596cfaa7020e | reference | moodboard | inspiration,"Moodboard only; no production dimensions. | Use for tone, silhouette, and material direction. | Do not copy exact brand or product details.",Source image: 1200×1599px | Folder: Pinterest | Reference items are excluded from cost ranking by default.,not_reviewed,,,,,,,,,,
pinterest_reference_26,Pinterest Reference 26,46471650a87a560cad902867cdef9e08.jpg,Pinterest reference,Reference / Pinterest,"Pinterest Reference 26 is a reference image for form, finish, and proportion rather than a production-ready object.",Reference-only; no manufacturing spec.,Reference only,736,981,0.75,./pinterest/46471650a87a560cad902867cdef9e08.jpg,46471650a87a560cad902867cdef9e08 | reference | moodboard | inspiration,"Moodboard only; no production dimensions. | Use for tone, silhouette, and material direction. | Do not copy exact brand or product details.",Source image: 736×981px | Folder: Pinterest | Reference items are excluded from cost ranking by default.,not_reviewed,,,,,,,,,,
pinterest_reference_27,Pinterest Reference 27,49732dad2c7c09a8fa30ab6a25ca2b22.jpg,Pinterest reference,Reference / Pinterest,"Pinterest Reference 27 is a reference image for form, finish, and proportion rather than a production-ready object.",Reference-only; no manufacturing spec.,Reference only,1200,1400,0.857,./pinterest/49732dad2c7c09a8fa30ab6a25ca2b22.jpg,49732dad2c7c09a8fa30ab6a25ca2b22 | reference | moodboard | inspiration,"Moodboard only; no production dimensions. | Use for tone, silhouette, and material direction. | Do not copy exact brand or product details.",Source image: 1200×1400px | Folder: Pinterest | Reference items are excluded from cost ranking by default.,not_reviewed,,,,,,,,,,
pinterest_reference_28,Pinterest Reference 28,4af191d484220ee90b73c05e78536d29.jpg,Pinterest reference,Reference / Pinterest,"Pinterest Reference 28 is a reference image for form, finish, and proportion rather than a production-ready object.",Reference-only; no manufacturing spec.,Reference only,800,856,0.935,./pinterest/4af191d484220ee90b73c05e78536d29.jpg,4af191d484220ee90b73c05e78536d29 | reference | moodboard | inspiration,"Moodboard only; no production dimensions. | Use for tone, silhouette, and material direction. | Do not copy exact brand or product details.",Source image: 800×856px | Folder: Pinterest | Reference items are excluded from cost ranking by default.,not_reviewed,,,,,,,,,,
pinterest_reference_29,Pinterest Reference 29,4b0fb577a03277a02dd1f437511adce6.jpg,Pinterest reference,Reference / Pinterest,"Pinterest Reference 29 is a reference image for form, finish, and proportion rather than a production-ready object.",Reference-only; no manufacturing spec.,Reference only,1080,1419,0.761,./pinterest/4b0fb577a03277a02dd1f437511adce6.jpg,4b0fb577a03277a02dd1f437511adce6 | reference | moodboard | inspiration,"Moodboard only; no production dimensions. | Use for tone, silhouette, and material direction. | Do not copy exact brand or product details.",Source image: 1080×1419px | Folder: Pinterest | Reference items are excluded from cost ranking by default.,not_reviewed,,,,,,,,,,
pinterest_reference_30,Pinterest Reference 30,52e3bf7ea6287fedf823a608da130369.jpg,Pinterest reference,Reference / Pinterest,"Pinterest Reference 30 is a reference image for form, finish, and proportion rather than a production-ready object.",Reference-only; no manufacturing spec.,Reference only,1080,1350,0.8,./pinterest/52e3bf7ea6287fedf823a608da130369.jpg,52e3bf7ea6287fedf823a608da130369 | reference | moodboard | inspiration,"Moodboard only; no production dimensions. | Use for tone, silhouette, and material direction. | Do not copy exact brand or product details.",Source image: 1080×1350px | Folder: Pinterest | Reference items are excluded from cost ranking by default.,not_reviewed,,,,,,,,,,
pinterest_reference_31,Pinterest Reference 31,56fe57794507a90fec493d5776fc726e.jpg,Pinterest reference,Reference / Pinterest,"Pinterest Reference 31 is a reference image for form, finish, and proportion rather than a production-ready object.",Reference-only; no manufacturing spec.,Reference only,901,1200,0.751,./pinterest/56fe57794507a90fec493d5776fc726e.jpg,56fe57794507a90fec493d5776fc726e | reference | moodboard | inspiration,"Moodboard only; no production dimensions. | Use for tone, silhouette, and material direction. | Do not copy exact brand or product details.",Source image: 901×1200px | Folder: Pinterest | Reference items are excluded from cost ranking by default.,not_reviewed,,,,,,,,,,
pinterest_reference_32,Pinterest Reference 32,5819491a56f810bb4b1cc1bfcc94fbee.jpg,Pinterest reference,Reference / Pinterest,"Pinterest Reference 32 is a reference image for form, finish, and proportion rather than a production-ready object.",Reference-only; no manufacturing spec.,Reference only,533,800,0.666,./pinterest/5819491a56f810bb4b1cc1bfcc94fbee.jpg,5819491a56f810bb4b1cc1bfcc94fbee | reference | moodboard | inspiration,"Moodboard only; no production dimensions. | Use for tone, silhouette, and material direction. | Do not copy exact brand or product details.",Source image: 533×800px | Folder: Pinterest | Reference items are excluded from cost ranking by default.,not_reviewed,,,,,,,,,,
pinterest_reference_33,Pinterest Reference 33,80fd3e8f756ec6c4f92f7be95dbcd07f.jpg,Pinterest reference,Reference / Pinterest,"Pinterest Reference 33 is a reference image for form, finish, and proportion rather than a production-ready object.",Reference-only; no manufacturing spec.,Reference only,1200,1600,0.75,./pinterest/80fd3e8f756ec6c4f92f7be95dbcd07f.jpg,80fd3e8f756ec6c4f92f7be95dbcd07f | reference | moodboard | inspiration,"Moodboard only; no production dimensions. | Use for tone, silhouette, and material direction. | Do not copy exact brand or product details.",Source image: 1200×1600px | Folder: Pinterest | Reference items are excluded from cost ranking by default.,not_reviewed,,,,,,,,,,
pinterest_reference_34,Pinterest Reference 34,93cb60c02636c1b4fccd01bd2450e358.jpg,Pinterest reference,Reference / Pinterest,"Pinterest Reference 34 is a reference image for form, finish, and proportion rather than a production-ready object.",Reference-only; no manufacturing spec.,Reference only,736,1104,0.667,./pinterest/93cb60c02636c1b4fccd01bd2450e358.jpg,93cb60c02636c1b4fccd01bd2450e358 | reference | moodboard | inspiration,"Moodboard only; no production dimensions. | Use for tone, silhouette, and material direction. | Do not copy exact brand or product details.",Source image: 736×1104px | Folder: Pinterest | Reference items are excluded from cost ranking by default.,not_reviewed,,,,,,,,,,
pinterest_reference_35,Pinterest Reference 35,ac8380fed19001bbe5a3905a128f2da3.jpg,Pinterest reference,Reference / Pinterest,"Pinterest Reference 35 is a reference image for form, finish, and proportion rather than a production-ready object.",Reference-only; no manufacturing spec.,Reference only,736,1104,0.667,./pinterest/ac8380fed19001bbe5a3905a128f2da3.jpg,ac8380fed19001bbe5a3905a128f2da3 | reference | moodboard | inspiration,"Moodboard only; no production dimensions. | Use for tone, silhouette, and material direction. | Do not copy exact brand or product details.",Source image: 736×1104px | Folder: Pinterest | Reference items are excluded from cost ranking by default.,not_reviewed,,,,,,,,,,
pinterest_reference_36,Pinterest Reference 36,b1d9d70e574dbd1cfbfe5d4a55d1b1e8.jpg,Pinterest reference,Reference / Pinterest,"Pinterest Reference 36 is a reference image for form, finish, and proportion rather than a production-ready object.",Reference-only; no manufacturing spec.,Reference only,1200,1200,1.0,./pinterest/b1d9d70e574dbd1cfbfe5d4a55d1b1e8.jpg,b1d9d70e574dbd1cfbfe5d4a55d1b1e8 | reference | moodboard | inspiration,"Moodboard only; no production dimensions. | Use for tone, silhouette, and material direction. | Do not copy exact brand or product details.",Source image: 1200×1200px | Folder: Pinterest | Reference items are excluded from cost ranking by default.,not_reviewed,,,,,,,,,,
pinterest_reference_37,Pinterest Reference 37,bf06d5d68e07ab1ba6badb291dcd0e95.jpg,Pinterest reference,Reference / Pinterest,"Pinterest Reference 37 is a reference image for form, finish, and proportion rather than a production-ready object.",Reference-only; no manufacturing spec.,Reference only,564,846,0.667,./pinterest/bf06d5d68e07ab1ba6badb291dcd0e95.jpg,bf06d5d68e07ab1ba6badb291dcd0e95 | reference | moodboard | inspiration,"Moodboard only; no production dimensions. | Use for tone, silhouette, and material direction. | Do not copy exact brand or product details.",Source image: 564×846px | Folder: Pinterest | Reference items are excluded from cost ranking by default.,not_reviewed,,,,,,,,,,
pinterest_reference_38,Pinterest Reference 38,c7b884ce1b134c171fa4eda7cc629d8e.jpg,Pinterest reference,Reference / Pinterest,"Pinterest Reference 38 is a reference image for form, finish, and proportion rather than a production-ready object.",Reference-only; no manufacturing spec.,Reference only,1200,1200,1.0,./pinterest/c7b884ce1b134c171fa4eda7cc629d8e.jpg,c7b884ce1b134c171fa4eda7cc629d8e | reference | moodboard | inspiration,"Moodboard only; no production dimensions. | Use for tone, silhouette, and material direction. | Do not copy exact brand or product details.",Source image: 1200×1200px | Folder: Pinterest | Reference items are excluded from cost ranking by default.,not_reviewed,,,,,,,,,,
pinterest_reference_39,Pinterest Reference 39,ca96c319ff17980895245a5ddd687934.jpg,Pinterest reference,Reference / Pinterest,"Pinterest Reference 39 is a reference image for form, finish, and proportion rather than a production-ready object.",Reference-only; no manufacturing spec.,Reference only,736,920,0.8,./pinterest/ca96c319ff17980895245a5ddd687934.jpg,ca96c319ff17980895245a5ddd687934 | reference | moodboard | inspiration,"Moodboard only; no production dimensions. | Use for tone, silhouette, and material direction. | Do not copy exact brand or product details.",Source image: 736×920px | Folder: Pinterest | Reference items are excluded from cost ranking by default.,not_reviewed,,,,,,,,,,
pinterest_reference_40,Pinterest Reference 40,e221e28daaac50c8c0c25efd11bff59f.jpg,Pinterest reference,Reference / Pinterest,"Pinterest Reference 40 is a reference image for form, finish, and proportion rather than a production-ready object.",Reference-only; no manufacturing spec.,Reference only,800,800,1.0,./pinterest/e221e28daaac50c8c0c25efd11bff59f.jpg,e221e28daaac50c8c0c25efd11bff59f | reference | moodboard | inspiration,"Moodboard only; no production dimensions. | Use for tone, silhouette, and material direction. | Do not copy exact brand or product details.",Source image: 800×800px | Folder: Pinterest | Reference items are excluded from cost ranking by default.,not_reviewed,,,,,,,,,,
pinterest_reference_41,Pinterest Reference 41,e508cd50662e9f25531369e258ad2b7c.jpg,Pinterest reference,Reference / Pinterest,"Pinterest Reference 41 is a reference image for form, finish, and proportion rather than a production-ready object.",Reference-only; no manufacturing spec.,Reference only,750,1000,0.75,./pinterest/e508cd50662e9f25531369e258ad2b7c.jpg,e508cd50662e9f25531369e258ad2b7c | reference | moodboard | inspiration,"Moodboard only; no production dimensions. | Use for tone, silhouette, and material direction. | Do not copy exact brand or product details.",Source image: 750×1000px | Folder: Pinterest | Reference items are excluded from cost ranking by default.,not_reviewed,,,,,,,,,,
pinterest_reference_42,Pinterest Reference 42,f0572d5933ba35da32553c22e902fd8b.jpg,Pinterest reference,Reference / Pinterest,"Pinterest Reference 42 is a reference image for form, finish, and proportion rather than a production-ready object.",Reference-only; no manufacturing spec.,Reference only,1200,1200,1.0,./pinterest/f0572d5933ba35da32553c22e902fd8b.jpg,f0572d5933ba35da32553c22e902fd8b | reference | moodboard | inspiration,"Moodboard only; no production dimensions. | Use for tone, silhouette, and material direction. | Do not copy exact brand or product details.",Source image: 1200×1200px | Folder: Pinterest | Reference items are excluded from cost ranking by default.,not_reviewed,,,,,,,,,,
pinterest_reference_43,Pinterest Reference 43,f158feff035efa9fcbad4f16aec88ab8.jpg,Pinterest reference,Reference / Pinterest,"Pinterest Reference 43 is a reference image for form, finish, and proportion rather than a production-ready object.",Reference-only; no manufacturing spec.,Reference only,980,1056,0.928,./pinterest/f158feff035efa9fcbad4f16aec88ab8.jpg,f158feff035efa9fcbad4f16aec88ab8 | reference | moodboard | inspiration,"Moodboard only; no production dimensions. | Use for tone, silhouette, and material direction. | Do not copy exact brand or product details.",Source image: 980×1056px | Folder: Pinterest | Reference items are excluded from cost ranking by default.,not_reviewed,,,,,,,,,,
pinterest_reference_44,Pinterest Reference 44,f254f8de55c1b096d4d2cf9881ed0a4d.jpg,Pinterest reference,Reference / Pinterest,"Pinterest Reference 44 is a reference image for form, finish, and proportion rather than a production-ready object.",Reference-only; no manufacturing spec.,Reference only,1200,1800,0.667,./pinterest/f254f8de55c1b096d4d2cf9881ed0a4d.jpg,f254f8de55c1b096d4d2cf9881ed0a4d | reference | moodboard | inspiration,"Moodboard only; no production dimensions. | Use for tone, silhouette, and material direction. | Do not copy exact brand or product details.",Source image: 1200×1800px | Folder: Pinterest | Reference items are excluded from cost ranking by default.,not_reviewed,,,,,,,,,,
pinterest_reference_45,Pinterest Reference 45,f565cff6c04e5ba3fd10f9efb7cdf6dd.jpg,Pinterest reference,Reference / Pinterest,"Pinterest Reference 45 is a reference image for form, finish, and proportion rather than a production-ready object.",Reference-only; no manufacturing spec.,Reference only,960,1200,0.8,./pinterest/f565cff6c04e5ba3fd10f9efb7cdf6dd.jpg,f565cff6c04e5ba3fd10f9efb7cdf6dd | reference | moodboard | inspiration,"Moodboard only; no production dimensions. | Use for tone, silhouette, and material direction. | Do not copy exact brand or product details.",Source image: 960×1200px | Folder: Pinterest | Reference items are excluded from cost ranking by default.,not_reviewed,,,,,,,,,,
pinterest_reference_46,Pinterest Reference 46,f89c8d089598fcd35c495220b82200c7.jpg,Pinterest reference,Reference / Pinterest,"Pinterest Reference 46 is a reference image for form, finish, and proportion rather than a production-ready object.",Reference-only; no manufacturing spec.,Reference only,735,1037,0.709,./pinterest/f89c8d089598fcd35c495220b82200c7.jpg,f89c8d089598fcd35c495220b82200c7 | reference | moodboard | inspiration,"Moodboard only; no production dimensions. | Use for tone, silhouette, and material direction. | Do not copy exact brand or product details.",Source image: 735×1037px | Folder: Pinterest | Reference items are excluded from cost ranking by default.,not_reviewed,,,,,,,,,,
pinterest_reference_47,Pinterest Reference 47,fa24843fe86c4b6e98adf64437c8d77c.jpg,Pinterest reference,Reference / Pinterest,"Pinterest Reference 47 is a reference image for form, finish, and proportion rather than a production-ready object.",Reference-only; no manufacturing spec.,Reference only,720,829,0.869,./pinterest/fa24843fe86c4b6e98adf64437c8d77c.jpg,fa24843fe86c4b6e98adf64437c8d77c | reference | moodboard | inspiration,"Moodboard only; no production dimensions. | Use for tone, silhouette, and material direction. | Do not copy exact brand or product details.",Source image: 720×829px | Folder: Pinterest | Reference items are excluded from cost ranking by default.,not_reviewed,,,,,,,,,,
